Model,Accuracy,AUC-ROC
RandomForest,0.76,0.7242857142857143
XGBoost,0.725,0.7308333333333333
